-- // users
INSERT INTO users (id, email, nickname, password, created_at, deleted_at) VALUES
('11111111-1111-1111-1111-111111111111', 'user1@example.com', 'user1', 'password1!', now(), NULL),
('22222222-2222-2222-2222-222222222222', 'user2@example.com', 'user2', 'password2!', now(), NULL),
('33333333-3333-3333-3333-333333333333', 'user3@example.com', 'user3', 'password3!', now(), NULL),
('44444444-4444-4444-4444-444444444444', 'user4@example.com', 'user4', 'password4!', now(), NULL),
('55555555-5555-5555-5555-555555555555', 'user5@example.com', 'user5', 'password5!', now(), NULL);


-- // interests
INSERT INTO interests (id, created_at, name, subscriber_count, keyword) VALUES
('aaaaaaa1-aaaa-aaaa-aaaa-aaaaaaaaaaa1',now(), 'Technology', 100, '기술,ai,프로그래밍'),
('aaaaaaa2-aaaa-aaaa-aaaa-aaaaaaaaaaa2',now(), 'Sports', 200, '축구,농구,올림픽'),
('aaaaaaa3-aaaa-aaaa-aaaa-aaaaaaaaaaa3',now(), 'Finance', 150, '암호화폐,경제'),
('aaaaaaa4-aaaa-aaaa-aaaa-aaaaaaaaaaa4',now(), 'Health', 80, '운동,영양,건강'),
('aaaaaaa5-aaaa-aaaa-aaaa-aaaaaaaaaaa5',now(), 'Travel', 120, '관광,모험,여행');

-- // articles
INSERT INTO articles (id, source, source_url, title, created_at, publish_date, summary, view_count, deleted_at, interest_id,comment_count) VALUES
('bbbbbbb1-bbbb-bbbb-bbbb-bbbbbbbbbbb1', 'NAVER', 'https://techdaily.com/article1', 'AI Advances in 2025', '2025-10-14 02:38:38.748979+00', 'Wed, 3 Oct 2025 11:38:00 +0900', 'Summary of AI advances...', 1000, NULL, 'aaaaaaa1-aaaa-aaaa-aaaa-aaaaaaaaaaa1',1),
('bbbbbbb2-bbbb-bbbb-bbbb-bbbbbbbbbbb2', 'NAVER', 'https://sportsnews.com/article2', 'Soccer World Cup Highlights', '2025-10-14 02:38:39.748979+00', 'Wed, 4 Oct 2025 11:38:00 +0900', 'Summary of world cup...', 800, NULL, 'aaaaaaa2-aaaa-aaaa-aaaa-aaaaaaaaaaa2',1),
('bbbbbbb3-bbbb-bbbb-bbbb-bbbbbbbbbbb3', 'NAVER', 'https://financetoday.com/article3', 'Stock Market Update', '2025-10-14 02:38:40.748979+00', 'Wed, 5 Oct 2025 11:38:00 +0900', 'Summary of stocks...', 600, NULL, 'aaaaaaa3-aaaa-aaaa-aaaa-aaaaaaaaaaa3',1),
('bbbbbbb4-bbbb-bbbb-bbbb-bbbbbbbbbbb4', 'NAVER', 'https://healthmag.com/article4', '10 Tips for Wellness', '2025-10-14 02:38:41.748979+00', 'Wed, 6 Oct 2025 11:38:00 +0900', 'Summary of wellness tips...', 400, NULL, 'aaaaaaa4-aaaa-aaaa-aaaa-aaaaaaaaaaa4',1),
('bbbbbbb5-bbbb-bbbb-bbbb-bbbbbbbbbbb5', 'NAVER', 'https://travelguide.com/article5', 'Top 5 Destinations', '2025-10-14 02:38:42.748979+00', 'Wed, 7 Oct 2025 11:38:00 +0900', 'Summary of travel...', 500, NULL, 'aaaaaaa5-aaaa-aaaa-aaaa-aaaaaaaaaaa5',1),
('120e3601-a470-4e8c-8db4-71cb53967dec','NAVER'	,'https://www.ngetnews.com/news/articleView.html?idxno=539477'	,'잡코리아, AI 기반 성과형 채용상품론칭','2025-10-29 02:38:43.748979+00',	'Wed, 29 Oct 2025 11:38:00 +0900'	,'스마트핏은 기업의 채용 성과에 따라 광고비를 책정하는 성과형 모델로, 인공지능(AI) 기술을 활용해 가장... 기술 측면에서는 글로벌 채용 시장에서 확산되고 있는 ', 0,null,'aaaaaaa1-aaaa-aaaa-aaaa-aaaaaaaaaaa1',0),
('e2e93c0b-722e-4cf7-8fa7-3f8f0f9a8c96',	'NAVER',	'https://platum.kr/archives/273470',	'서울 핀테크 기업 10곳, 세계 최대 핀테크 전시회서 글로벌 투자 유치 나...','2025-10-29 02:38:44.546601+00','Wed, 29 Oct 2025 11:38:00 +0900','이번에 참가하는 10곳은 전통적 금융결제 업체부터 AI 기반, 블록체인, 암호화폐 등 기술 경쟁력을 지닌 기업들이다. 서울핀테크랩은 사전 선발 단계부터 해외진출 및 글로벌 투자유치 전략 수립, 영문 IR 자료...', 	0	,null	,'aaaaaaa1-aaaa-aaaa-aaaa-aaaaaaaaaaa1',0),
('a348c670-9815-4e49-b6a5-6c39d20bdd33',	'NAVER',	'http://www.technoa.co.kr/news/articleView.html?idxno=100039',	'로크웰 오토메이션, 팩토리토크 디자인 워크벤치 출시','2025-10-29 02:38:45.30806+00','Wed, 29 Oct 2025 11:36:00 +0900','이번 소프트웨어는 마이크로800 컨트롤러와 호환되며, 프로그래밍, 구성, 문제 해결을 위한 통합 작업 공간을... 특히 프로그래밍부터 배포까지의 과정을 간소화하고 여러 장치를 동시에 지원함으로써 시스템 관리의... ',	0	,null,	'aaaaaaa1-aaaa-aaaa-aaaa-aaaaaaaaaaa1',0),
('ad94d38a-29ec-4a43-8d6b-93640ee09434',	'NAVER',	'http://www.incheonin.com/news/articleView.html?idxno=113283','우먼스 풋살 인천 2025 11월 1일 인천대공원에서 열려',	'2025-10-29 02:38:46.084567+00', 'Wed,29 Oct 2025 11:38:00 +0900','풋살장과 축구장에서 열린다. 동아일보와 채널A가 주최하고 인천시와 인천관광공사가 후원하는 이번 대회는 두 번째 개최하는 것으로 전국의 여성 아마추어 풋살 및 축구 50개 팀이 참가한다. 지난해 첫 대회에 27개...', 	0	,null	,'aaaaaaa2-aaaa-aaaa-aaaa-aaaaaaaaaaa2',0),
('8ed40993-757c-49df-8da2-5d0b3a415175','NAVER','https://n.news.naver.com/mnews/article/016/0002549295?sid=101','꽃집 알바가 100만원, 사장님은 무려…면접 보러가니 박보검이 떡...','2025-10-29 02:38:47.861496+00','Wed, 29 Oct 2025 11:38:00 +0900','당근 모임을 통해 동네 농구 모임에 참석한 박보검이 이웃 학생과 중고거래를 하는 등 당근으로 이어지는 일상을 그려낸다. 영상 이야기를 확장한 스핀오프 영상은 11월 초에 추가 공개될 예정이다. 릴레이 이벤트에서는...', 	0	,null	,'aaaaaaa2-aaaa-aaaa-aaaa-aaaaaaaaaaa2',0),
('d9874a45-2df9-499e-beb3-9b8dcfdfe13d','NAVER','http://www.dtnews24.com/news/articleView.html?idxno=800288',	'세종시 배선후, 전국 대회서 은·동메달을 획득',	'2025-10-29 02:38:48.631788+00',	'Wed, 29 Oct 2025 11:36:00 +0900',	'지난 24일 충북 청주인라인롤러경기장에서 열린 2025 충북스페셜올림픽코리아 전국 발달장애인... 배선후가 참가한 2025 충북스페셜올림픽코리아 전국 발달장애인 인라인스케이트 대회는 지난 24일 충북...', 	0,	null,	'aaaaaaa2-aaaa-aaaa-aaaa-aaaaaaaaaaa2',0),
('85e20f36-9ac2-48c6-9de8-a041d1043e84','NAVER',	'http://www.koreatimes.com/article/1586919',	'미술관에서 보는 무너진 동상들',	'2025-10-29 02:38:49.577931+00',	'Wed, 29 Oct 2025 11:38:00 +0900',	'이 사건을 계기로 미국 곳곳에서 인종차별의 상징인 남부연합기와 기념물의 퇴출운동이 시작되었다... (BLM) 운동의 도화선이 된 일은 모두가 아는 바다. 이외에도 여러 건의 흑백 충돌이 있었지만 크게는 이 3개...' ,	0	,null,'aaaaaaa4-aaaa-aaaa-aaaa-aaaaaaaaaaa4',0),
('224329d3-781b-46ef-8695-a27c9c3146e3','NAVER',	'https://n.news.naver.com/mnews/article/076/0004340329?sid=102',	'순천향대천안병원, 내달 12일 폐암 바로알기 무료 강좌 개최',	'2025-10-29 02:38:50.35559+00',	'Wed, 29 Oct 2025 11:37:00 +0900',	'한국혈액암협회와 공동으로 주최하는 강좌는 폐암 치료와 영양관리 등 폐암환자를 위한 다양한 건강정보를... 위한 영양 관리(이보라 임상영양사) 등 4개의 강연과 질의응답 순으로 구성됐다. 이문수 병원장은 &quot;폐암의...' ,	0,	null	,'aaaaaaa4-aaaa-aaaa-aaaa-aaaaaaaaaaa4',0),
('4e367835-b0dc-41df-a32f-87a2dc7e4ad0','NAVER',	'http://www.medical-tribune.co.kr/news/articleView.html?idxno=211329',	'종근당 건선 바이오시밀러 CKD-704 유럽 임상 1상 승인',	'2025-10-29 02:38:51.149391+00','Wed, 29 Oct 2025 11:38:00 +0900',	'이번 임상시험은 건강한 성인 200여 명을 대상으로 오리지널 약물인 스카이리치와 약동학적 동등성과 안전성 등을 비교하는 방식으로 진행된다. CKD-704는 판상 건선, 건선성 관절염 등의 염증성 질환 치료를 목표로...'	,0,	null	,'aaaaaaa4-aaaa-aaaa-aaaa-aaaaaaaaaaa4',0),
('48481699-efa8-4878-b00a-b97a34c76c51','NAVER',	'http://www.siminsori.com/news/articleView.html?idxno=302524',	'바람, 갈대, 그리고 추억',	'2025-10-29 02:38:52.941654+00',	'Wed, 29 Oct 2025 11:38:00 +0900',	'▲ 바람, 갈대, 그리고 추억 시원한 가을바람, 춤을 추는 갈대. 제10회 강진만 춤추는 갈대축제가 강진만생태공원에서 열리고 있는 가운데 지난 29일 축제장을 찾은 관광객들이 갈대밭을 거닐며 추억을 쌓고 있다.',	0,	null	,'aaaaaaa5-aaaa-aaaa-aaaa-aaaaaaaaaaa5',0),
('7272fb87-e963-48e9-81c3-cdfb3a1e8680','NAVER',	'https://n.news.naver.com/mnews/article/031/0000976019?sid=101',	'NH투자증권, 내부통제 부실 IMA 인가 변수로',	'2025-10-29 02:38:53.725382+00',	'Wed, 29 Oct 2025 11:38:00 +0900',	'윤병운 NH투자증권 사장도 불과 2주 전인 지난 15일 금융투자협회 세미나에서 “모험자본 투자라는 증권업의... 윤 사장이 강조한 ‘모험자본 투자’는 사실상 IMA 제도의 핵심 취지이기도 하다. IMA 인가는 금융당국이...', 	0,	null	,'aaaaaaa5-aaaa-aaaa-aaaa-aaaaaaaaaaa5',0),
('8e01f336-f4d8-4aba-93fc-688b9b5aef4d','NAVER',	'http://www.koreatimes.com/article/1586936',	'비자 옥죄니… 유학생 입국 실제 급감',	'2025-10-29 02:38:54.4954+00',	'Wed, 29 Oct 2025 11:38:00 +0900',	'보도에 따르면 연방 상무부 산하 기관인 국가여행관광청이 발표한 예비 자료에서, 이번 학년도 시작... 일부 유학생들은 재입국에 문제가 생길 것을 우려해 여름 동안 해외 여행을 피하기도 했다. 유학생 감소가...' 	,0	,null	,'aaaaaaa5-aaaa-aaaa-aaaa-aaaaaaaaaaa5',0),
('56cd3428-af5c-4178-84f1-0cb3cc9edece', 'NAVER', 'https://www.newscj.com/news/articleView.html?idxno=3333570', '[현장] 이태원 참사 3주기 "잊지 않겠다" 시민들의 눈물과 간절한 염원', '2025-10-29 05:29:24.679001+00', 'Wed, 29 Oct 2025 14:28:00 +0900', '참사 현장 인근 상인들은 3년이 지난 지금도 경제적 어려움을 겪고 있다고 전했다. 한 상인은 "참사 직후와 비교해 회복됐다고 말하기 어렵다"며 "경기 자체가 안 좋은 데다 이태원 참사 영향도 여전히 크다"고 밝혔다....', 0, null, 'aaaaaaa3-aaaa-aaaa-aaaa-aaaaaaaaaaa3',0),
('125a84c2-1775-476c-a2a5-5c16df758174', 'NAVER', 'http://www.headlinejeju.co.kr/news/articleView.html?idxno=580329', '제주지역 밭 토양 건강 좋아졌다...산도.유효인산 안정화', '2025-10-29 05:29:25.924754+00', 'Wed, 29 Oct 2025 14:28:00 +0900', '유효인산은 작물이 실제로 흡수할 수 있는 형태의 인 성분으로, 작물의 뿌리 발달과 꽃, 열매 형성에 필수적인 영양소다. 올해까지 조사 결과, 밭 토양의 산도 등 주요 화학성 지표가 점차 개선되고 있는 것으로...', 0, null, 'aaaaaaa4-aaaa-aaaa-aaaa-aaaaaaaaaaa4',0),
('774adc32-aecd-4e78-b9a6-026887982c06', 'NAVER', 'https://www.asiatoday.co.kr/view.php?key=20251029010012268', '경복대학교, 진로·건강·AI 융합한 지역 상생 교육 페스티벌 성황리 개...', '2025-10-29 05:29:27.116066+00', 'Wed, 29 Oct 2025 14:28:00 +0900', '지난 10월 15일 남양주캠퍼스 일대에서 열린 이번 행사는 △"2025 KBU Career Festival" △"제3회 KBU 건강복지 EXPO"... 같은 날, 창조관과 문화관 사이 야외 광장에서 열린 "제3회 KBU 건강복지 EXPO"는 간호학과, 사회복지과...', 0, null, 'aaaaaaa4-aaaa-aaaa-aaaa-aaaaaaaaaaa4',0),
('c89c1dd4-04e6-4ce7-8d11-1ea257d4ef82', 'NAVER', 'https://dhnews.co.kr/news/view/1065588758551766', '부산디지털대 해피쿡동아리, ‘어르신 무료급식 짜장면 Day’ 봉사활동 ...', '2025-10-29 05:29:28.297686+00', 'Wed, 29 Oct 2025 14:28:00 +0900', '컴퓨터공학과 ▲사진영상학과 ▲시각미디어디자인학과 ▲아동보육학과 ▲평생교육학과 ▲경영학과 ▲관광외식경영학과 ▲보건행정학과 ▲한국어학과이며, 1학년 신입생과 3학년 편입생 모두 지원 가능하다.', 0, null, 'aaaaaaa5-aaaa-aaaa-aaaa-aaaaaaaaaaa5',0),
('401e2557-dead-4ad2-b74b-8195f5ae2661', 'NAVER', 'https://www.gametoc.co.kr/news/articleView.html?idxno=103292', '트오세M, 3주년 맞이 감사 이벤트 진행', '2025-10-29 05:29:29.479703+00', 'Wed, 29 Oct 2025 14:28:00 +0900', '독특하고 감각적인 그래픽이 트리 오브 세이비어 M만의 고유한 매력으로, 수집욕을 자극하는 시크하고 귀여운 동료 캐릭터들과 함께 여신의 계시를 따르는 모험을 진행하게 된다.', 0, null, 'aaaaaaa5-aaaa-aaaa-aaaa-aaaaaaaaaaa5',0),
('62f3f37a-23d3-402f-b7ff-7260b1af3b72', 'NAVER', 'http://www.newstomato.com/ReadNews.aspx?no=1279495&inflow=N', '역대급 적자에도 제주 호화 워크숍…김인 새마을금고 회장 연임 발목', '2025-10-29 05:29:30.672629+00', 'Wed, 29 Oct 2025 14:28:00 +0900', '다수의 제주도 워크숍을 진행한 여행사는 중앙회 C 지역 본부장의 배우자가 지난해 3월 설립한 신생 업체로 확인됐습니다. 해당 업체의 등기부등본을 확인한 결과 대표가 해당 본부장의 아내로 등재돼 있으며, 워크숍...', 0, null, 'aaaaaaa5-aaaa-aaaa-aaaa-aaaaaaaaaaa5',0);

INSERT INTO comments (id, created_at, deleted_at, content, article_id, user_id) VALUES
('ccccccc1-cccc-cccc-cccc-ccccccccccc1', now(), NULL, 'Great article!', 'bbbbbbb1-bbbb-bbbb-bbbb-bbbbbbbbbbb1', '11111111-1111-1111-1111-111111111111'),
('ccccccc2-cccc-cccc-cccc-ccccccccccc2', now(), NULL, 'Interesting read', 'bbbbbbb2-bbbb-bbbb-bbbb-bbbbbbbbbbb2', '22222222-2222-2222-2222-222222222222'),
('ccccccc3-cccc-cccc-cccc-ccccccccccc3', now(), NULL, 'Helpful information', 'bbbbbbb3-bbbb-bbbb-bbbb-bbbbbbbbbbb3', '33333333-3333-3333-3333-333333333333'),
('ccccccc4-cccc-cccc-cccc-ccccccccccc4', now(), NULL, 'I learned a lot', 'bbbbbbb4-bbbb-bbbb-bbbb-bbbbbbbbbbb4', '44444444-4444-4444-4444-444444444444'),
('ccccccc5-cccc-cccc-cccc-ccccccccccc5', now(), NULL, 'Nice tips', 'bbbbbbb5-bbbb-bbbb-bbbb-bbbbbbbbbbb5', '55555555-5555-5555-5555-555555555555');



-- // comments
INSERT INTO article_backup(id, article_id , source, source_url, title, created_at, publish_date, summary, view_count, deleted_at, interest_id,comment_count) VALUES
('c46b8e7a-5b77-4f0a-98c5-bbdfab2e4e10','bbbbbbb1-bbbb-bbbb-bbbb-bbbbbbbbbbb1', 'NAVER', 'https://techdaily.com/article1', 'AI Advances in 2025', '2025-10-14 02:38:38.748979+00', 'Wed, 3 Oct 2025 11:38:00 +0900', 'Summary of AI advances...', 1000, NULL, 'aaaaaaa1-aaaa-aaaa-aaaa-aaaaaaaaaaa1',1),
('b1e5a8c2-7d2e-47c3-9a58-ff63f5e23fd2','bbbbbbb2-bbbb-bbbb-bbbb-bbbbbbbbbbb2', 'NAVER', 'https://sportsnews.com/article2', 'Soccer World Cup Highlights', '2025-10-14 02:38:39.748979+00', 'Wed, 4 Oct 2025 11:38:00 +0900', 'Summary of world cup...', 800, NULL, 'aaaaaaa2-aaaa-aaaa-aaaa-aaaaaaaaaaa2',1),
('d94f6e1c-3d65-466f-9b3f-3795f3b9c2cc','bbbbbbb3-bbbb-bbbb-bbbb-bbbbbbbbbbb3', 'NAVER', 'https://financetoday.com/article3', 'Stock Market Update', '2025-10-14 02:38:40.748979+00', 'Wed, 5 Oct 2025 11:38:00 +0900', 'Summary of stocks...', 600, NULL, 'aaaaaaa3-aaaa-aaaa-aaaa-aaaaaaaaaaa3',1),
('9b30aaf4-fd7f-48ee-bde8-9a67a5a8f529','bbbbbbb4-bbbb-bbbb-bbbb-bbbbbbbbbbb4', 'NAVER', 'https://healthmag.com/article4', '10 Tips for Wellness', '2025-10-14 02:38:41.748979+00', 'Wed, 6 Oct 2025 11:38:00 +0900', 'Summary of wellness tips...', 400, NULL, 'aaaaaaa4-aaaa-aaaa-aaaa-aaaaaaaaaaa4',1),
('f72f8455-9399-4d3b-9a09-c45811ef3f03','bbbbbbb5-bbbb-bbbb-bbbb-bbbbbbbbbbb5', 'NAVER', 'https://travelguide.com/article5', 'Top 5 Destinations', '2025-10-14 02:38:42.748979+00', 'Wed, 7 Oct 2025 11:38:00 +0900', 'Summary of travel...', 500, NULL, 'aaaaaaa5-aaaa-aaaa-aaaa-aaaaaaaaaaa5',1),
('7e14d43c-ff29-4960-9d41-fc34a69ce2a4','120e3601-a470-4e8c-8db4-71cb53967dec','NAVER'	,'https://www.ngetnews.com/news/articleView.html?idxno=539477'	,'잡코리아, AI 기반 성과형 채용상품론칭','2025-10-29 02:38:43.748979+00',	'Wed, 29 Oct 2025 11:38:00 +0900'	,'스마트핏은 기업의 채용 성과에 따라 광고비를 책정하는 성과형 모델로, 인공지능(AI) 기술을 활용해 가장... 기술 측면에서는 글로벌 채용 시장에서 확산되고 있는 ', 0,null,'aaaaaaa1-aaaa-aaaa-aaaa-aaaaaaaaaaa1',0),
('2f9e1c37-ef5a-4a71-9261-994d1e5d98e6','e2e93c0b-722e-4cf7-8fa7-3f8f0f9a8c96',	'NAVER',	'https://platum.kr/archives/273470',	'서울 핀테크 기업 10곳, 세계 최대 핀테크 전시회서 글로벌 투자 유치 나...','2025-10-29 02:38:44.546601+00','Wed, 29 Oct 2025 11:38:00 +0900','이번에 참가하는 10곳은 전통적 금융결제 업체부터 AI 기반, 블록체인, 암호화폐 등 기술 경쟁력을 지닌 기업들이다. 서울핀테크랩은 사전 선발 단계부터 해외진출 및 글로벌 투자유치 전략 수립, 영문 IR 자료...', 	0	,null	,'aaaaaaa1-aaaa-aaaa-aaaa-aaaaaaaaaaa1',0),
('a4b882e9-6425-4a34-b7fd-02f8e57ff3cb','a348c670-9815-4e49-b6a5-6c39d20bdd33',	'NAVER',	'http://www.technoa.co.kr/news/articleView.html?idxno=100039',	'로크웰 오토메이션, 팩토리토크 디자인 워크벤치 출시','2025-10-29 02:38:45.30806+00','Wed, 29 Oct 2025 11:36:00 +0900','이번 소프트웨어는 마이크로800 컨트롤러와 호환되며, 프로그래밍, 구성, 문제 해결을 위한 통합 작업 공간을... 특히 프로그래밍부터 배포까지의 과정을 간소화하고 여러 장치를 동시에 지원함으로써 시스템 관리의... ',	0	,null,	'aaaaaaa1-aaaa-aaaa-aaaa-aaaaaaaaaaa1',0),
('1f3f2341-4a93-4b40-b3f8-60cdecc58e9d','ad94d38a-29ec-4a43-8d6b-93640ee09434',	'NAVER',	'http://www.incheonin.com/news/articleView.html?idxno=113283','우먼스 풋살 인천 2025 11월 1일 인천대공원에서 열려',	'2025-10-29 02:38:46.084567+00', 'Wed,29 Oct 2025 11:38:00 +0900','풋살장과 축구장에서 열린다. 동아일보와 채널A가 주최하고 인천시와 인천관광공사가 후원하는 이번 대회는 두 번째 개최하는 것으로 전국의 여성 아마추어 풋살 및 축구 50개 팀이 참가한다. 지난해 첫 대회에 27개...', 	0	,null	,'aaaaaaa2-aaaa-aaaa-aaaa-aaaaaaaaaaa2',0),
('0d62a4b9-377b-48c3-bca1-7f2a3b45bfb7','8ed40993-757c-49df-8da2-5d0b3a415175','NAVER','https://n.news.naver.com/mnews/article/016/0002549295?sid=101','꽃집 알바가 100만원, 사장님은 무려…면접 보러가니 박보검이 떡...','2025-10-29 02:38:47.861496+00','Wed, 29 Oct 2025 11:38:00 +0900','당근 모임을 통해 동네 농구 모임에 참석한 박보검이 이웃 학생과 중고거래를 하는 등 당근으로 이어지는 일상을 그려낸다. 영상 이야기를 확장한 스핀오프 영상은 11월 초에 추가 공개될 예정이다. 릴레이 이벤트에서는...', 	0	,null	,'aaaaaaa2-aaaa-aaaa-aaaa-aaaaaaaaaaa2',0),
('e43de786-4d9e-44e8-9d6b-4a51c8d423df','d9874a45-2df9-499e-beb3-9b8dcfdfe13d','NAVER','http://www.dtnews24.com/news/articleView.html?idxno=800288',	'세종시 배선후, 전국 대회서 은·동메달을 획득',	'2025-10-29 02:38:48.631788+00',	'Wed, 29 Oct 2025 11:36:00 +0900',	'지난 24일 충북 청주인라인롤러경기장에서 열린 2025 충북스페셜올림픽코리아 전국 발달장애인... 배선후가 참가한 2025 충북스페셜올림픽코리아 전국 발달장애인 인라인스케이트 대회는 지난 24일 충북...', 	0,	null,	'aaaaaaa2-aaaa-aaaa-aaaa-aaaaaaaaaaa2',0),
('6ae2c92e-46ad-42d2-b2b5-4a80d3a061b5','85e20f36-9ac2-48c6-9de8-a041d1043e84','NAVER',	'http://www.koreatimes.com/article/1586919',	'미술관에서 보는 무너진 동상들',	'2025-10-29 02:38:49.577931+00',	'Wed, 29 Oct 2025 11:38:00 +0900',	'이 사건을 계기로 미국 곳곳에서 인종차별의 상징인 남부연합기와 기념물의 퇴출운동이 시작되었다... (BLM) 운동의 도화선이 된 일은 모두가 아는 바다. 이외에도 여러 건의 흑백 충돌이 있었지만 크게는 이 3개...' ,	0	,null,'aaaaaaa4-aaaa-aaaa-aaaa-aaaaaaaaaaa4',0),
('3a2b6a25-28a1-43e1-8227-3429dfc5e6f2','224329d3-781b-46ef-8695-a27c9c3146e3','NAVER',	'https://n.news.naver.com/mnews/article/076/0004340329?sid=102',	'순천향대천안병원, 내달 12일 폐암 바로알기 무료 강좌 개최',	'2025-10-29 02:38:50.35559+00',	'Wed, 29 Oct 2025 11:37:00 +0900',	'한국혈액암협회와 공동으로 주최하는 강좌는 폐암 치료와 영양관리 등 폐암환자를 위한 다양한 건강정보를... 위한 영양 관리(이보라 임상영양사) 등 4개의 강연과 질의응답 순으로 구성됐다. 이문수 병원장은 &quot;폐암의...' ,	0,	null	,'aaaaaaa4-aaaa-aaaa-aaaa-aaaaaaaaaaa4',0),
('ef9da2b3-63aa-4a1d-929b-292d86e94c1a','4e367835-b0dc-41df-a32f-87a2dc7e4ad0','NAVER',	'http://www.medical-tribune.co.kr/news/articleView.html?idxno=211329',	'종근당 건선 바이오시밀러 CKD-704 유럽 임상 1상 승인',	'2025-10-29 02:38:51.149391+00','Wed, 29 Oct 2025 11:38:00 +0900',	'이번 임상시험은 건강한 성인 200여 명을 대상으로 오리지널 약물인 스카이리치와 약동학적 동등성과 안전성 등을 비교하는 방식으로 진행된다. CKD-704는 판상 건선, 건선성 관절염 등의 염증성 질환 치료를 목표로...'	,0,	null	,'aaaaaaa4-aaaa-aaaa-aaaa-aaaaaaaaaaa4',0),
('1d6d52b9-8c88-4dc1-8266-4b1f0b54dcd8','48481699-efa8-4878-b00a-b97a34c76c51','NAVER',	'http://www.siminsori.com/news/articleView.html?idxno=302524',	'바람, 갈대, 그리고 추억',	'2025-10-29 02:38:52.941654+00',	'Wed, 29 Oct 2025 11:38:00 +0900',	'▲ 바람, 갈대, 그리고 추억 시원한 가을바람, 춤을 추는 갈대. 제10회 강진만 춤추는 갈대축제가 강진만생태공원에서 열리고 있는 가운데 지난 29일 축제장을 찾은 관광객들이 갈대밭을 거닐며 추억을 쌓고 있다.',	0,	null	,'aaaaaaa5-aaaa-aaaa-aaaa-aaaaaaaaaaa5',0),
('02f72a36-ef33-44f2-bb53-29f94a2e6b7b','7272fb87-e963-48e9-81c3-cdfb3a1e8680','NAVER',	'https://n.news.naver.com/mnews/article/031/0000976019?sid=101',	'NH투자증권, 내부통제 부실 IMA 인가 변수로',	'2025-10-29 02:38:53.725382+00',	'Wed, 29 Oct 2025 11:38:00 +0900',	'윤병운 NH투자증권 사장도 불과 2주 전인 지난 15일 금융투자협회 세미나에서 “모험자본 투자라는 증권업의... 윤 사장이 강조한 ‘모험자본 투자’는 사실상 IMA 제도의 핵심 취지이기도 하다. IMA 인가는 금융당국이...', 	0,	null	,'aaaaaaa5-aaaa-aaaa-aaaa-aaaaaaaaaaa5',0),
('7bf45f5a-f221-4908-86b7-88925c782dfb','8e01f336-f4d8-4aba-93fc-688b9b5aef4d','NAVER',	'http://www.koreatimes.com/article/1586936',	'비자 옥죄니… 유학생 입국 실제 급감',	'2025-10-29 02:38:54.4954+00',	'Wed, 29 Oct 2025 11:38:00 +0900',	'보도에 따르면 연방 상무부 산하 기관인 국가여행관광청이 발표한 예비 자료에서, 이번 학년도 시작... 일부 유학생들은 재입국에 문제가 생길 것을 우려해 여름 동안 해외 여행을 피하기도 했다. 유학생 감소가...' 	,0	,null	,'aaaaaaa5-aaaa-aaaa-aaaa-aaaaaaaaaaa5',0),
('3df2ac10-629d-45a1-93f2-3dfb835802ed','56cd3428-af5c-4178-84f1-0cb3cc9edece', 'NAVER', 'https://www.newscj.com/news/articleView.html?idxno=3333570', '[현장] 이태원 참사 3주기 "잊지 않겠다" 시민들의 눈물과 간절한 염원', '2025-10-29 05:29:24.679001+00', 'Wed, 29 Oct 2025 14:28:00 +0900', '참사 현장 인근 상인들은 3년이 지난 지금도 경제적 어려움을 겪고 있다고 전했다. 한 상인은 "참사 직후와 비교해 회복됐다고 말하기 어렵다"며 "경기 자체가 안 좋은 데다 이태원 참사 영향도 여전히 크다"고 밝혔다....', 0, null, 'aaaaaaa3-aaaa-aaaa-aaaa-aaaaaaaaaaa3',0),
('ca0cf3f2-24de-4c71-a9b8-3d1cb5d6e9f3','125a84c2-1775-476c-a2a5-5c16df758174', 'NAVER', 'http://www.headlinejeju.co.kr/news/articleView.html?idxno=580329', '제주지역 밭 토양 건강 좋아졌다...산도.유효인산 안정화', '2025-10-29 05:29:25.924754+00', 'Wed, 29 Oct 2025 14:28:00 +0900', '유효인산은 작물이 실제로 흡수할 수 있는 형태의 인 성분으로, 작물의 뿌리 발달과 꽃, 열매 형성에 필수적인 영양소다. 올해까지 조사 결과, 밭 토양의 산도 등 주요 화학성 지표가 점차 개선되고 있는 것으로...', 0, null, 'aaaaaaa4-aaaa-aaaa-aaaa-aaaaaaaaaaa4',0),
('fbf0a48c-71b3-4459-b189-00b02fdd4fd0','774adc32-aecd-4e78-b9a6-026887982c06', 'NAVER', 'https://www.asiatoday.co.kr/view.php?key=20251029010012268', '경복대학교, 진로·건강·AI 융합한 지역 상생 교육 페스티벌 성황리 개...', '2025-10-29 05:29:27.116066+00', 'Wed, 29 Oct 2025 14:28:00 +0900', '지난 10월 15일 남양주캠퍼스 일대에서 열린 이번 행사는 △"2025 KBU Career Festival" △"제3회 KBU 건강복지 EXPO"... 같은 날, 창조관과 문화관 사이 야외 광장에서 열린 "제3회 KBU 건강복지 EXPO"는 간호학과, 사회복지과...', 0, null, 'aaaaaaa4-aaaa-aaaa-aaaa-aaaaaaaaaaa4',0),
('a0b5a6a9-f529-45b1-a983-988dc87e63cc','c89c1dd4-04e6-4ce7-8d11-1ea257d4ef82', 'NAVER', 'https://dhnews.co.kr/news/view/1065588758551766', '부산디지털대 해피쿡동아리, ‘어르신 무료급식 짜장면 Day’ 봉사활동 ...', '2025-10-29 05:29:28.297686+00', 'Wed, 29 Oct 2025 14:28:00 +0900', '컴퓨터공학과 ▲사진영상학과 ▲시각미디어디자인학과 ▲아동보육학과 ▲평생교육학과 ▲경영학과 ▲관광외식경영학과 ▲보건행정학과 ▲한국어학과이며, 1학년 신입생과 3학년 편입생 모두 지원 가능하다.', 0, null, 'aaaaaaa5-aaaa-aaaa-aaaa-aaaaaaaaaaa5',0),
('67a021f4-1af1-49d0-b38c-59e72f31d503','401e2557-dead-4ad2-b74b-8195f5ae2661', 'NAVER', 'https://www.gametoc.co.kr/news/articleView.html?idxno=103292', '트오세M, 3주년 맞이 감사 이벤트 진행', '2025-10-29 05:29:29.479703+00', 'Wed, 29 Oct 2025 14:28:00 +0900', '독특하고 감각적인 그래픽이 트리 오브 세이비어 M만의 고유한 매력으로, 수집욕을 자극하는 시크하고 귀여운 동료 캐릭터들과 함께 여신의 계시를 따르는 모험을 진행하게 된다.', 0, null, 'aaaaaaa5-aaaa-aaaa-aaaa-aaaaaaaaaaa5',0),
('91867c2f-92b2-46e3-a9fd-d08ef9d4c81f','62f3f37a-23d3-402f-b7ff-7260b1af3b72', 'NAVER', 'http://www.newstomato.com/ReadNews.aspx?no=1279495&inflow=N', '역대급 적자에도 제주 호화 워크숍…김인 새마을금고 회장 연임 발목', '2025-10-29 05:29:30.672629+00', 'Wed, 29 Oct 2025 14:28:00 +0900', '다수의 제주도 워크숍을 진행한 여행사는 중앙회 C 지역 본부장의 배우자가 지난해 3월 설립한 신생 업체로 확인됐습니다. 해당 업체의 등기부등본을 확인한 결과 대표가 해당 본부장의 아내로 등재돼 있으며, 워크숍...', 0, null, 'aaaaaaa5-aaaa-aaaa-aaaa-aaaaaaaaaaa5',0);

-- // comment_likes
INSERT INTO COMMENT_LIKES (ID, CREATED_AT, DELETED_AT, COMMENT_ID) VALUES
(CAST('a1111111-aaaa-aaaa-aaaa-aaaaaaaaaaa1' AS UUID), CURRENT_TIMESTAMP, NULL, CAST('ccccccc1-cccc-cccc-cccc-ccccccccccc1' AS UUID)),
(CAST('a2222222-aaaa-aaaa-aaaa-aaaaaaaaaaa2' AS UUID), CURRENT_TIMESTAMP, NULL, CAST('ccccccc1-cccc-cccc-cccc-ccccccccccc1' AS UUID)),
(CAST('a3333333-aaaa-aaaa-aaaa-aaaaaaaaaaa3' AS UUID), CURRENT_TIMESTAMP, NULL, CAST('ccccccc2-cccc-cccc-cccc-ccccccccccc2' AS UUID)),
(CAST('a4444444-aaaa-aaaa-aaaa-aaaaaaaaaaa4' AS UUID), CURRENT_TIMESTAMP, NULL, CAST('ccccccc3-cccc-cccc-cccc-ccccccccccc3' AS UUID)),
(CAST('a5555555-aaaa-aaaa-aaaa-aaaaaaaaaaa5' AS UUID), CURRENT_TIMESTAMP, NULL, CAST('ccccccc4-cccc-cccc-cccc-ccccccccccc4' AS UUID));

-- // article_views
INSERT INTO article_views (id, created_at, article_id, viewed_by, deleted_at) VALUES
('eeeeeee1-eeee-eeee-eeee-eeeeeeeeeee1', now(), 'bbbbbbb1-bbbb-bbbb-bbbb-bbbbbbbbbbb1', '11111111-1111-1111-1111-111111111111',null),
('eeeeeee2-eeee-eeee-eeee-eeeeeeeeeee2', now(), 'bbbbbbb2-bbbb-bbbb-bbbb-bbbbbbbbbbb2', '22222222-2222-2222-2222-222222222222',null),
('eeeeeee3-eeee-eeee-eeee-eeeeeeeeeee3', now(), 'bbbbbbb3-bbbb-bbbb-bbbb-bbbbbbbbbbb3', '33333333-3333-3333-3333-333333333333',null),
('eeeeeee4-eeee-eeee-eeee-eeeeeeeeeee4', now(), 'bbbbbbb4-bbbb-bbbb-bbbb-bbbbbbbbbbb4', '44444444-4444-4444-4444-444444444444',null),
('eeeeeee5-eeee-eeee-eeee-eeeeeeeeeee5', now(), 'bbbbbbb5-bbbb-bbbb-bbbb-bbbbbbbbbbb5', '55555555-5555-5555-5555-555555555555',null);

-- // subscriptions
INSERT INTO subscriptions (id, created_at, user_id, interest_id) VALUES
('fffffff1-ffff-ffff-ffff-fffffffffff1', now(), '11111111-1111-1111-1111-111111111111', 'aaaaaaa1-aaaa-aaaa-aaaa-aaaaaaaaaaa1'),
('fffffff2-ffff-ffff-ffff-fffffffffff2', now(), '22222222-2222-2222-2222-222222222222', 'aaaaaaa2-aaaa-aaaa-aaaa-aaaaaaaaaaa2'),
('fffffff3-ffff-ffff-ffff-fffffffffff3', now(), '33333333-3333-3333-3333-333333333333', 'aaaaaaa3-aaaa-aaaa-aaaa-aaaaaaaaaaa3'),
('fffffff4-ffff-ffff-ffff-fffffffffff4', now(), '44444444-4444-4444-4444-444444444444', 'aaaaaaa4-aaaa-aaaa-aaaa-aaaaaaaaaaa4'),
('fffffff5-ffff-ffff-ffff-fffffffffff5', now(), '55555555-5555-5555-5555-555555555555', 'aaaaaaa5-aaaa-aaaa-aaaa-aaaaaaaaaaa5');

-- // notifications
INSERT INTO notifications (id, created_at, updated_at, confirmed, content, resource_type, resource_id, user_id) VALUES
(CAST('aaaaaaa1-aaaa-aaaa-aaaa-aaaaaaaaaaa1' AS UUID), CURRENT_TIMESTAMP, NULL, FALSE,'New comment on your article', 'comment',
    CAST('ccccccc1-cccc-cccc-cccc-ccccccccccc1' AS UUID), CAST('11111111-1111-1111-1111-111111111111' AS UUID)),
(CAST('aaaaaaa2-aaaa-aaaa-aaaa-aaaaaaaaaaa2' AS UUID), CURRENT_TIMESTAMP, NULL, FALSE,'Article you follow has new update', 'article',
    CAST('bbbbbbb2-bbbb-bbbb-bbbb-bbbbbbbbbbb2' AS UUID), CAST('11111111-1111-1111-1111-111111111111' AS UUID)),
(CAST('aaaaaaa3-aaaa-aaaa-aaaa-aaaaaaaaaaa3' AS UUID), CURRENT_TIMESTAMP, NULL, FALSE,'Subscription interest updated', 'interest',
    CAST('aaaaaaa3-aaaa-aaaa-aaaa-aaaaaaaaaaa3' AS UUID), CAST('11111111-1111-1111-1111-111111111111' AS UUID)),
(CAST('aaaaaaa4-aaaa-aaaa-aaaa-aaaaaaaaaaa4' AS UUID), CURRENT_TIMESTAMP, NULL, FALSE,'Your comment was liked', 'comment',
    CAST('ccccccc4-cccc-cccc-cccc-ccccccccccc4' AS UUID), CAST('11111111-1111-1111-1111-111111111111' AS UUID)),
(CAST('aaaaaaa5-aaaa-aaaa-aaaa-aaaaaaaaaaa5' AS UUID), CURRENT_TIMESTAMP, NULL, FALSE,'New article published', 'article',
    CAST('bbbbbbb5-bbbb-bbbb-bbbb-bbbbbbbbbbb5' AS UUID), CAST('11111111-1111-1111-1111-111111111111' AS UUID));